metric,n,AIC,BIC,p_condition,p_frequency,p_interaction
vm_upstroke,108,,,0.887005624165176,7.640561677304373e-07,0.8424015962183247
